{"bagging_temperature": 0.6, "leaf_estimation_iterations": 2.0, "od_type": "Iter", "od_wait": 40, "loss_function": "Logloss", "l2_leaf_reg": 3.0, "depth": 4.0, "learning_rate": 0.3, "_feature_importance": [29.170674324584823, 34.56126512650886, 1.558543763316344, 8.496170841564675, 6.556347887438319, 6.3145186434565055, 2.903585081479936, 10.43889433165055]}