{"bagging_temperature": 0.6, "leaf_estimation_iterations": 2.0, "od_type": "Iter", "od_wait": 40, "loss_function": "Logloss", "l2_leaf_reg": 10.0, "depth": 4.0, "learning_rate": 0.1, "_feature_importance": [29.94116439638726, 41.61573890882847, 2.290840488163355, 4.710570172026107, 5.905463902134486, 3.5481400882675764, 4.7611752422333655, 7.226906801959368]}