{"bagging_temperature": 1.0, "leaf_estimation_iterations": 1.0, "od_type": "Iter", "od_wait": 40, "loss_function": "Logloss", "l2_leaf_reg": 10.0, "depth": 2.0, "learning_rate": 0.3, "_feature_importance": [29.84714304587986, 45.75522886733836, 4.830962197353941, 3.9514329286536953, 9.122653324520874, 1.0279268850327403, 0.39760835280344814, 5.0670443984170745]}