{"bagging_temperature": 1.0, "leaf_estimation_iterations": 2.0, "od_type": "Iter", "od_wait": 40, "loss_function": "Logloss", "l2_leaf_reg": 3.0, "depth": 2.0, "learning_rate": 0.3, "_feature_importance": [17.475662189877216, 68.73222046476539, 1.53673343678859, 2.8094561522378885, 4.362968191739929, 0.9138690871775308, 3.223627586404713, 0.945462891008743]}