{"bagging_temperature": 1.0, "leaf_estimation_iterations": 2.0, "od_type": "Iter", "od_wait": 40, "loss_function": "Logloss", "l2_leaf_reg": 10.0, "depth": 2.0, "learning_rate": 0.3, "_feature_importance": [22.5138605051053, 61.78822564899345, 1.0239409599319678, 6.199581124866314, 1.9805187784646567, 1.547487162728821, 2.214321078511409, 2.7320647413980703]}