{"bagging_temperature": 1.0, "leaf_estimation_iterations": 2.0, "od_type": "Iter", "od_wait": 40, "loss_function": "Logloss", "l2_leaf_reg": 10.0, "depth": 4.0, "learning_rate": 0.3, "_feature_importance": [28.333707705580117, 46.859318396917345, 1.180806205244409, 2.497258755554194, 12.622497035901514, 1.6652291249326587, 3.6157371211691007, 3.225445654700671]}