{"bagging_temperature": 0.6, "leaf_estimation_iterations": 1.0, "od_type": "Iter", "od_wait": 40, "loss_function": "Logloss", "l2_leaf_reg": 3.0, "depth": 2.0, "learning_rate": 0.3, "_feature_importance": [26.268661117773302, 60.179110108355985, 3.64805581735487, 0.3753559155626461, 2.6114983683049884, 0.32148943763525134, 5.795717637353837, 0.8001115976591276]}