{"bagging_temperature": 0.8, "leaf_estimation_iterations": 1.0, "od_type": "Iter", "od_wait": 40, "loss_function": "Logloss", "l2_leaf_reg": 3.0, "depth": 2.0, "learning_rate": 0.3, "_feature_importance": [29.885351547101692, 47.94469370714816, 3.996935657954354, 2.1917345607332623, 4.008712658267601, 2.174115612592009, 3.0391474093196, 6.759308846883321]}