{"bagging_temperature": 0.6, "leaf_estimation_iterations": 1.0, "od_type": "Iter", "od_wait": 40, "loss_function": "Logloss", "l2_leaf_reg": 10.0, "depth": 2.0, "learning_rate": 0.3, "_feature_importance": [27.63335192413738, 53.97116095741832, 4.559118661304561, 3.0057577723245563, 9.081181253782152, 0.13353298321614968, 0.0, 1.6158964478168967]}