{"bagging_temperature": 0.6, "leaf_estimation_iterations": 2.0, "od_type": "Iter", "od_wait": 40, "loss_function": "Logloss", "l2_leaf_reg": 10.0, "depth": 2.0, "learning_rate": 0.3, "_feature_importance": [13.373457444995326, 70.71534443342412, 0.0, 0.0, 15.91119812158055, 0.0, 0.0, 0.0]}