{"bagging_temperature": 1.0, "leaf_estimation_iterations": 2.0, "od_type": "Iter", "od_wait": 40, "loss_function": "Logloss", "l2_leaf_reg": 3.0, "depth": 2.0, "learning_rate": 0.3, "_feature_importance": [30.950313665702044, 61.31299272510302, 0.0, 0.0, 0.0, 0.0, 0.0, 7.736693609194938]}