{"bagging_temperature": 1.0, "leaf_estimation_iterations": 2.0, "od_type": "Iter", "od_wait": 40, "loss_function": "Logloss", "l2_leaf_reg": 3.0, "depth": 2.0, "learning_rate": 0.3, "_feature_importance": [35.3465650514434, 58.2583477149377, 0.0, 0.0, 6.395087233618907, 0.0, 0.0, 0.0]}