{"bagging_temperature": 0.6, "leaf_estimation_iterations": 2.0, "od_type": "Iter", "od_wait": 40, "loss_function": "Logloss", "l2_leaf_reg": 3.0, "depth": 2.0, "learning_rate": 0.3, "_feature_importance": [25.842554282829354, 66.31723682526523, 0.0, 0.0, 7.840208891905425, 0.0, 0.0, 0.0]}