{"bagging_temperature": 0.6, "leaf_estimation_iterations": 2.0, "od_type": "Iter", "od_wait": 40, "loss_function": "Logloss", "l2_leaf_reg": 3.0, "depth": 2.0, "learning_rate": 0.1, "_feature_importance": [28.000754386154085, 60.45721916655001, 2.7210330596227124, 0.0, 8.820993387673187, 0.0, 0.0, 0.0]}