{"bagging_temperature": 0.6, "leaf_estimation_iterations": 2.0, "od_type": "Iter", "od_wait": 40, "loss_function": "Logloss", "l2_leaf_reg": 10.0, "depth": 2.0, "learning_rate": 0.3, "_feature_importance": [49.7213023494939, 35.5156853257166, 0.0, 0.0, 8.91492007735119, 0.0, 5.848092247438315, 0.0]}