{"bagging_temperature": 0.6, "leaf_estimation_iterations": 1.0, "od_type": "Iter", "od_wait": 40, "loss_function": "Logloss", "l2_leaf_reg": 3.0, "depth": 2.0, "learning_rate": 0.3, "_feature_importance": [40.66208049514161, 50.77491524918365, 0.0, 0.0, 4.820264848121515, 1.76419094400363, 1.878879664055059, 0.09966879949453818]}