{"bagging_temperature": 1.0, "leaf_estimation_iterations": 1.0, "od_type": "Iter", "od_wait": 40, "loss_function": "Logloss", "l2_leaf_reg": 3.0, "depth": 2.0, "learning_rate": 0.3, "_feature_importance": [11.448293972027123, 66.61024150954036, 11.562108938644842, 0.8874666252342789, 3.4317810452130235, 0.0, 4.813849272776436, 1.2462586365639527]}