{"bagging_temperature": 0.8, "leaf_estimation_iterations": 1.0, "od_type": "Iter", "od_wait": 40, "loss_function": "Logloss", "l2_leaf_reg": 3.0, "depth": 2.0, "learning_rate": 0.3, "_feature_importance": [14.776328133607954, 70.65370416397332, 9.777287183760292, 0.9111936491267948, 3.8814868695316402, 0.0, 0.0, 0.0]}