{"bagging_temperature": 1.0, "leaf_estimation_iterations": 2.0, "od_type": "Iter", "od_wait": 40, "loss_function": "Logloss", "l2_leaf_reg": 3.0, "depth": 2.0, "learning_rate": 0.3, "_feature_importance": [22.500062779888673, 57.309079111908275, 0.0, 0.0, 20.19085810820304, 0.0, 0.0, 0.0]}