{"bagging_temperature": 0.6, "leaf_estimation_iterations": 2.0, "od_type": "Iter", "od_wait": 40, "loss_function": "Logloss", "l2_leaf_reg": 10.0, "depth": 2.0, "learning_rate": 0.3, "_feature_importance": [33.49559275720432, 53.2244427854178, 0.7784361987236275, 0.7243645376432165, 4.8742560029061694, 0.0, 0.6167875965867993, 6.286120121518049]}