{"bagging_temperature": 0.8, "leaf_estimation_iterations": 1.0, "od_type": "Iter", "od_wait": 40, "loss_function": "Logloss", "l2_leaf_reg": 3.0, "depth": 2.0, "learning_rate": 0.3, "_feature_importance": [25.725640558249975, 65.17269691764142, 0.0, 0.0, 9.101662524108619, 0.0, 0.0, 0.0]}