{"bagging_temperature": 0.6, "leaf_estimation_iterations": 2.0, "od_type": "Iter", "od_wait": 40, "loss_function": "Logloss", "l2_leaf_reg": 3.0, "depth": 2.0, "learning_rate": 0.3, "_feature_importance": [42.875726289662474, 46.56318085972067, 0.0, 0.0, 4.662018233300202, 0.0, 5.899074617316663, 0.0]}