{"bagging_temperature": 1.0, "leaf_estimation_iterations": 2.0, "od_type": "Iter", "od_wait": 40, "loss_function": "Logloss", "l2_leaf_reg": 3.0, "depth": 2.0, "learning_rate": 0.3, "_feature_importance": [21.260000476201476, 65.405778876524, 0.0, 0.0, 12.147154084944038, 1.1870665623304788, 0.0, 0.0]}