{"bagging_temperature": 1.0, "leaf_estimation_iterations": 2.0, "od_type": "Iter", "od_wait": 40, "loss_function": "Logloss", "l2_leaf_reg": 10.0, "depth": 2.0, "learning_rate": 0.1, "_feature_importance": [11.442126911126318, 85.08798916962472, 0.0, 0.0, 3.4698839192489626, 0.0, 0.0, 0.0]}