{"bagging_temperature": 0.8, "leaf_estimation_iterations": 2.0, "od_type": "Iter", "od_wait": 40, "loss_function": "Logloss", "l2_leaf_reg": 10.0, "depth": 2.0, "learning_rate": 0.3, "_feature_importance": [29.10255209143337, 51.42251945545453, 0.0, 0.0, 6.474676560948545, 0.0, 13.000251892163561, 0.0]}