{"bagging_temperature": 0.8, "leaf_estimation_iterations": 2.0, "od_type": "Iter", "od_wait": 40, "loss_function": "Logloss", "l2_leaf_reg": 10.0, "depth": 2.0, "learning_rate": 0.3, "_feature_importance": [15.273674968942421, 75.48802655927247, 0.0, 0.0, 9.2382984717851, 0.0, 0.0, 0.0]}