{"bagging_temperature": 0.6, "leaf_estimation_iterations": 1.0, "od_type": "Iter", "od_wait": 40, "loss_function": "Logloss", "l2_leaf_reg": 3.0, "depth": 2.0, "learning_rate": 0.3, "_feature_importance": [21.826398718582407, 67.95907160258554, 0.0, 0.0, 2.345786512674266, 0.0, 2.3762793617169495, 5.492463804440829]}