{"bagging_temperature": 1.0, "leaf_estimation_iterations": 2.0, "od_type": "Iter", "od_wait": 40, "loss_function": "Logloss", "l2_leaf_reg": 3.0, "depth": 2.0, "learning_rate": 0.3, "_feature_importance": [26.220402186116893, 54.69752273817288, 0.0, 0.0, 5.363843043295599, 0.0, 0.0, 13.718232032414635]}