{"bagging_temperature": 0.8, "leaf_estimation_iterations": 1.0, "od_type": "Iter", "od_wait": 40, "loss_function": "Logloss", "l2_leaf_reg": 3.0, "depth": 2.0, "learning_rate": 0.3, "_feature_importance": [26.492009215612466, 66.7944113426265, 0.0, 0.0, 6.713579441761043, 0.0, 0.0, 0.0]}