{"bagging_temperature": 1.0, "leaf_estimation_iterations": 1.0, "od_type": "Iter", "od_wait": 40, "loss_function": "Logloss", "l2_leaf_reg": 3.0, "depth": 2.0, "learning_rate": 0.1, "_feature_importance": [33.93214703730354, 53.47591608791096, 0.9525403615109238, 0.8511742649113276, 0.6722193580040599, 1.427842022344155, 2.0797582304084314, 6.608402637606621]}