{"bagging_temperature": 0.6, "leaf_estimation_iterations": 2.0, "od_type": "Iter", "od_wait": 40, "loss_function": "Logloss", "l2_leaf_reg": 3.0, "depth": 2.0, "learning_rate": 0.3, "_feature_importance": [15.73967455582632, 54.566437052340724, 0.8567261561551308, 2.2565604679346247, 4.525578148632773, 1.1049171415404406, 2.238775074224767, 18.71133140334522]}