{"bagging_temperature": 0.6, "leaf_estimation_iterations": 1.0, "od_type": "Iter", "od_wait": 40, "loss_function": "Logloss", "l2_leaf_reg": 3.0, "depth": 2.0, "learning_rate": 0.1, "_feature_importance": [22.698127762521494, 63.05455081027836, 0.8952832575831682, 2.8370579179078597, 6.205120542755975, 1.465242417018941, 1.493621453457204, 1.3509958384769998]}