{"bagging_temperature": 1.0, "leaf_estimation_iterations": 2.0, "od_type": "Iter", "od_wait": 40, "loss_function": "Logloss", "l2_leaf_reg": 3.0, "depth": 2.0, "learning_rate": 0.3, "_feature_importance": [36.5853164145902, 50.13098940004832, 2.0579432097824975, 1.6949965720233269, 0.16063177949452506, 0.8312051915841804, 0.0, 8.538917432476948]}