{"bagging_temperature": 1.0, "leaf_estimation_iterations": 2.0, "od_type": "Iter", "od_wait": 40, "loss_function": "Logloss", "l2_leaf_reg": 3.0, "depth": 2.0, "learning_rate": 0.3, "_feature_importance": [26.90244037814868, 63.83328062668091, 4.373932173343017, 0.0, 1.2884204336212213, 0.2708807298866586, 0.0, 3.3310456583195323]}