{"bagging_temperature": 1.0, "leaf_estimation_iterations": 2.0, "od_type": "Iter", "od_wait": 40, "loss_function": "Logloss", "l2_leaf_reg": 3.0, "depth": 4.0, "learning_rate": 0.3, "_feature_importance": [30.84878500926078, 31.81271946676627, 3.153032427668339, 0.478918625756195, 11.922189139726903, 3.030017613477701, 11.857062868627018, 6.897274848716791]}