{"bagging_temperature": 0.8, "leaf_estimation_iterations": 2.0, "od_type": "Iter", "od_wait": 40, "loss_function": "Logloss", "l2_leaf_reg": 3.0, "depth": 4.0, "learning_rate": 0.3, "_feature_importance": [0.0, 51.012804212414956, 14.864987478553754, 0.0, 24.465659031386025, 0.0, 9.656549277645263, 0.0]}