{"bagging_temperature": 0.6, "leaf_estimation_iterations": 2.0, "od_type": "Iter", "od_wait": 40, "loss_function": "Logloss", "l2_leaf_reg": 3.0, "depth": 2.0, "learning_rate": 0.3, "_feature_importance": [40.02215016437239, 47.113235339587355, 1.5306997212273021, 4.64260460646647, 2.7043352485069896, 0.0, 1.0511532413321616, 2.9358216785073337]}