{"bagging_temperature": 0.6, "leaf_estimation_iterations": 2.0, "od_type": "Iter", "od_wait": 40, "loss_function": "Logloss", "l2_leaf_reg": 10.0, "depth": 4.0, "learning_rate": 0.3, "_feature_importance": [25.680858034790543, 38.089376578548205, 5.479062515249161, 4.743477414688704, 6.991709350111466, 0.3652897214698895, 7.808380255442487, 10.84184612969954]}