{"bagging_temperature": 0.8, "leaf_estimation_iterations": 2.0, "od_type": "Iter", "od_wait": 40, "loss_function": "Logloss", "l2_leaf_reg": 10.0, "depth": 2.0, "learning_rate": 0.3, "_feature_importance": [31.526135418681665, 51.59947812632868, 0.0, 0.12368839531115523, 5.546412542067151, 0.8859954662076427, 4.709713063733724, 5.608576987669985]}