{"bagging_temperature": 0.6, "leaf_estimation_iterations": 2.0, "od_type": "Iter", "od_wait": 40, "loss_function": "Logloss", "l2_leaf_reg": 3.0, "depth": 2.0, "learning_rate": 0.3, "_feature_importance": [32.87040651049802, 52.64592784318142, 0.6853654604102396, 0.0, 2.6112234649303723, 0.0, 0.24832262732811858, 10.938754093651818]}