{"bagging_temperature": 0.6, "leaf_estimation_iterations": 2.0, "od_type": "Iter", "od_wait": 40, "loss_function": "Logloss", "l2_leaf_reg": 10.0, "depth": 2.0, "learning_rate": 0.3, "_feature_importance": [27.655914087547, 57.751326763562446, 2.6684519508727056, 0.0, 4.598805700656522, 0.0, 2.249609362215709, 5.0758921351456125]}