{"bagging_temperature": 0.6, "leaf_estimation_iterations": 2.0, "od_type": "Iter", "od_wait": 40, "loss_function": "Logloss", "l2_leaf_reg": 3.0, "depth": 2.0, "learning_rate": 0.3, "_feature_importance": [16.412700970048714, 68.21372455712206, 0.0, 0.0, 15.373574472829226, 0.0, 0.0, 0.0]}