{"bagging_temperature": 0.8, "leaf_estimation_iterations": 1.0, "od_type": "Iter", "od_wait": 40, "loss_function": "Logloss", "l2_leaf_reg": 3.0, "depth": 4.0, "learning_rate": 0.3, "_feature_importance": [23.18932609039225, 36.41720574706559, 7.360678348747049, 3.754110409610785, 2.760737757534646, 3.8493046487704774, 8.272295501066848, 14.396341496812347]}