{"bagging_temperature": 0.6, "leaf_estimation_iterations": 1.0, "od_type": "Iter", "od_wait": 40, "loss_function": "Logloss", "l2_leaf_reg": 3.0, "depth": 2.0, "learning_rate": 0.3, "_feature_importance": [29.959372248684662, 48.871143355088506, 0.6126928423761303, 0.0, 1.6164679654964087, 2.9192623722862856, 1.9943668505916705, 14.026694365476331]}