{"bagging_temperature": 1.0, "leaf_estimation_iterations": 1.0, "od_type": "Iter", "od_wait": 40, "loss_function": "Logloss", "l2_leaf_reg": 3.0, "depth": 2.0, "learning_rate": 0.3, "_feature_importance": [31.99462351311242, 55.0386135557672, 2.271474996264381, 0.272196696757134, 6.279055216364907, 0.0, 0.30475213579059623, 3.8392838859433622]}