{"bagging_temperature": 1.0, "leaf_estimation_iterations": 2.0, "od_type": "Iter", "od_wait": 40, "loss_function": "Logloss", "l2_leaf_reg": 10.0, "depth": 4.0, "learning_rate": 0.3, "_feature_importance": [28.828156359282026, 54.32223696902735, 5.840451163785354, 0.0, 7.337209175175833, 0.5059516536537777, 0.0, 3.1659946790756814]}