{"bagging_temperature": 0.8, "leaf_estimation_iterations": 2.0, "od_type": "Iter", "od_wait": 40, "loss_function": "Logloss", "l2_leaf_reg": 3.0, "depth": 4.0, "learning_rate": 0.3, "_feature_importance": [28.844808389745513, 37.844680679813045, 9.108800265854974, 3.420433804129534, 3.0925598003568293, 0.5083738916141672, 3.136977405631615, 14.043365762854314]}