{"bagging_temperature": 1.0, "leaf_estimation_iterations": 2.0, "od_type": "Iter", "od_wait": 40, "loss_function": "Logloss", "l2_leaf_reg": 3.0, "depth": 2.0, "learning_rate": 0.3, "_feature_importance": [18.376008683029234, 71.97713579940792, 2.606005533439321, 0.0, 4.995419499199856, 0.0, 0.0, 2.0454304849236573]}