{"bagging_temperature": 0.8, "leaf_estimation_iterations": 1.0, "od_type": "Iter", "od_wait": 40, "loss_function": "Logloss", "l2_leaf_reg": 3.0, "depth": 2.0, "learning_rate": 0.3, "_feature_importance": [30.230430942251285, 58.35984320772466, 0.4880174916300932, 0.9561546382699935, 6.796560364388124, 0.7116413373083375, 1.224297239872852, 1.2330547785546626]}