{"bagging_temperature": 0.8, "leaf_estimation_iterations": 2.0, "od_type": "Iter", "od_wait": 40, "loss_function": "Logloss", "l2_leaf_reg": 3.0, "depth": 2.0, "learning_rate": 0.3, "_feature_importance": [26.30722273163848, 45.254134801720745, 3.0216713829961073, 0.5634130454387389, 11.57985191268747, 1.0469773471833779, 3.663218655331999, 8.563510123003086]}