{"bagging_temperature": 0.8, "leaf_estimation_iterations": 2.0, "od_type": "Iter", "od_wait": 40, "loss_function": "Logloss", "l2_leaf_reg": 10.0, "depth": 2.0, "learning_rate": 0.3, "_feature_importance": [29.08144299803054, 57.66498675998945, 1.8372964225705941, 0.0, 6.656089649515069, 0.0, 3.922595212419836, 0.8375889574744888]}