{"bagging_temperature": 0.6, "leaf_estimation_iterations": 2.0, "od_type": "Iter", "od_wait": 40, "loss_function": "Logloss", "l2_leaf_reg": 3.0, "depth": 4.0, "learning_rate": 0.3, "_feature_importance": [24.11633806701889, 43.361103864362896, 5.163013768809041, 0.0, 18.7744923137752, 2.0184520812510196, 2.574907119834192, 3.991692784948764]}