{"bagging_temperature": 0.8, "leaf_estimation_iterations": 1.0, "od_type": "Iter", "od_wait": 40, "loss_function": "Logloss", "l2_leaf_reg": 3.0, "depth": 4.0, "learning_rate": 0.3, "_feature_importance": [19.196841311457884, 41.42850508292569, 4.702129419903624, 2.095484548171913, 8.992967039220403, 3.2662064361094956, 6.588818520613928, 13.729047641597056]}